Timestamp,Violation Type,Confidence
2026-05-08 22:52:48,No Helmet,0.76
2026-05-08 22:52:50,No Helmet,0.78
2026-05-08 22:52:52,No Helmet,0.82
2026-05-08 22:52:54,No Helmet,0.61
2026-05-08 22:52:56,No Helmet,0.63
2026-05-08 22:52:58,No Helmet,0.53
2026-05-08 22:53:00,No Helmet,0.77
2026-05-08 22:53:02,No Helmet,0.70
2026-05-08 22:53:04,No Helmet,0.86
2026-05-08 22:53:06,No Helmet,0.65
2026-05-08 22:53:09,No Helmet,0.76
2026-05-08 22:53:11,No Helmet,0.71
2026-05-08 22:53:13,No Helmet,0.73
2026-05-08 22:53:15,No Helmet,0.78
2026-05-08 22:53:17,No Helmet,0.77
2026-05-08 22:53:19,No Helmet,0.76
2026-05-08 22:53:21,No Helmet,0.75
2026-05-08 22:53:23,No Helmet,0.76
2026-05-08 22:53:25,No Helmet,0.74
2026-05-08 22:53:27,No Helmet,0.71
2026-05-08 22:53:29,No Helmet,0.73
2026-05-08 22:53:31,No Helmet,0.66
2026-05-08 22:53:33,No Helmet,0.70
2026-05-08 22:53:35,No Helmet,0.70
2026-05-08 22:53:37,No Helmet,0.76
2026-05-08 22:53:39,No Helmet,0.98
2026-05-08 22:53:41,No Helmet,0.98
2026-05-08 22:53:43,No Helmet,0.96
2026-05-08 22:53:45,No Helmet,0.92
2026-05-08 22:53:47,No Helmet,0.79
2026-05-08 22:53:49,No Helmet,0.96
2026-05-08 22:53:51,No Helmet,0.89
2026-05-08 22:53:53,No Helmet,0.89
2026-05-08 22:53:55,No Helmet,0.97
2026-05-08 22:53:57,No Helmet,0.98
2026-05-08 22:53:59,No Helmet,0.96
2026-05-08 22:54:01,No Helmet,0.97
2026-05-08 22:54:03,No Helmet,0.94
2026-05-08 22:54:05,No Helmet,0.70
2026-05-08 22:54:07,No Helmet,0.83
2026-05-08 22:54:09,No Helmet,0.82
2026-05-08 22:54:11,No Helmet,0.75
2026-05-08 22:54:14,No Helmet,0.50
2026-05-08 22:54:16,No Helmet,0.83
2026-05-08 22:54:18,No Helmet,0.81
2026-05-08 22:54:20,No Helmet,0.45
2026-05-08 22:55:15,No Helmet,0.59
2026-05-08 22:55:17,No Helmet,0.81
2026-05-08 22:55:19,No Helmet,0.54
2026-05-08 22:55:21,No Helmet,0.43
2026-05-08 22:55:23,No Helmet,0.54
2026-05-08 22:55:25,No Helmet,0.47
2026-05-08 22:55:27,No Helmet,0.46
2026-05-08 22:55:30,No Helmet,0.50
2026-05-08 22:55:32,No Helmet,0.50
2026-05-08 22:55:34,No Helmet,0.41
2026-05-08 22:55:36,No Helmet,0.68
2026-05-08 22:55:38,No Helmet,0.46
2026-05-08 22:55:40,No Helmet,0.45
2026-05-08 22:55:42,No Helmet,0.44
2026-05-08 22:55:44,No Helmet,0.48
2026-05-08 22:55:46,No Helmet,0.56
2026-05-08 22:55:48,No Helmet,0.55
2026-05-08 22:55:50,No Helmet,0.69
2026-05-08 22:55:53,No Helmet,0.50
2026-05-08 22:55:55,No Helmet,0.64
2026-05-08 22:55:57,No Helmet,0.50
2026-05-08 22:55:59,No Helmet,0.64
2026-05-08 22:56:01,No Helmet,0.57
2026-05-08 22:56:03,No Helmet,0.52
2026-05-08 22:56:05,No Helmet,0.52
2026-05-08 22:56:07,No Helmet,0.43
2026-05-08 22:56:09,No Helmet,0.52
2026-05-08 22:56:11,No Helmet,0.43
2026-05-08 22:56:13,No Helmet,0.62
2026-05-08 22:56:15,No Helmet,0.74
2026-05-08 22:56:17,No Helmet,0.60
2026-05-08 22:56:19,No Helmet,0.44
2026-05-08 22:56:21,No Helmet,0.71
2026-05-08 22:56:24,No Helmet,0.41
2026-05-08 22:56:26,No Helmet,0.73
2026-05-08 22:56:28,No Helmet,0.48
2026-05-08 22:56:30,No Helmet,0.70
2026-05-08 22:56:32,No Helmet,0.58
2026-05-08 22:56:34,No Helmet,0.42
2026-05-08 22:56:36,No Helmet,0.63
2026-05-08 22:56:38,No Helmet,0.71
2026-05-08 22:56:40,No Helmet,0.59
2026-05-08 23:10:38,No Helmet,0.67
2026-05-08 23:10:40,No Helmet,0.78
2026-05-08 23:10:42,No Helmet,0.76
2026-05-08 23:10:44,No Helmet,0.75
2026-05-08 23:10:46,No Helmet,0.78
2026-05-08 23:10:48,No Helmet,0.65
2026-05-08 23:10:51,No Helmet,0.66
2026-05-08 23:10:56,No Helmet,0.69
2026-05-08 23:10:58,No Helmet,0.68
2026-05-08 23:11:00,No Helmet,0.72
2026-05-08 23:11:02,No Helmet,0.75
2026-05-08 23:11:04,No Helmet,0.74
2026-05-08 23:11:06,No Helmet,0.76
2026-05-08 23:11:08,No Helmet,0.77
2026-05-08 23:11:10,No Helmet,0.74
2026-05-08 23:11:12,No Helmet,0.76
2026-05-08 23:11:14,No Helmet,0.77
2026-05-08 23:11:16,No Helmet,0.66
2026-05-08 23:11:18,No Helmet,0.69
2026-05-08 23:11:20,No Helmet,0.70
2026-05-08 23:11:22,No Helmet,0.70
2026-05-08 23:11:24,No Helmet,0.70
2026-05-08 23:11:26,No Helmet,0.72
2026-05-08 23:11:28,No Helmet,0.68
2026-05-08 23:11:30,No Helmet,0.70
2026-05-08 23:11:33,No Helmet,0.70
2026-05-08 23:11:35,No Helmet,0.73
2026-05-08 23:11:37,No Helmet,0.71
2026-05-08 23:11:39,No Helmet,0.67
2026-05-08 23:11:41,No Helmet,0.71
2026-05-08 23:11:43,No Helmet,0.66
2026-05-08 23:11:45,No Helmet,0.65
2026-05-08 23:11:47,No Helmet,0.68
2026-05-08 23:11:52,No Helmet,0.65
2026-05-08 23:11:55,No Helmet,0.67
2026-05-08 23:12:00,No Helmet,0.66
2026-05-08 23:12:10,No Helmet,0.65
2026-05-08 23:12:12,No Helmet,0.67
2026-05-08 23:12:14,No Helmet,0.70
2026-05-08 23:12:16,No Helmet,0.66
2026-05-08 23:12:21,No Helmet,0.69
2026-05-08 23:12:24,No Helmet,0.69
2026-05-08 23:12:26,No Helmet,0.69
2026-05-08 23:12:28,No Helmet,0.66
2026-05-08 23:12:30,No Helmet,0.66
2026-05-08 23:12:32,No Helmet,0.71
2026-05-08 23:12:34,No Helmet,0.69
2026-05-08 23:12:36,No Helmet,0.67
2026-05-08 23:12:46,No Helmet,0.77
2026-05-08 23:12:49,No Helmet,0.76
2026-05-08 23:12:54,No Helmet,0.77
2026-05-08 23:12:56,No Helmet,0.79
2026-05-08 23:13:05,No Helmet,0.76
2026-05-08 23:13:07,No Helmet,0.79
2026-05-08 23:13:10,No Helmet,0.78
2026-05-08 23:14:02,No Helmet,0.61
2026-05-08 23:14:04,No Helmet,0.64
2026-05-08 23:14:06,No Helmet,0.61
2026-05-08 23:14:09,No Helmet,0.60
2026-05-08 23:14:11,No Helmet,0.67
2026-05-08 23:14:14,No Helmet,0.63
2026-05-08 23:14:18,No Helmet,0.61
2026-05-08 23:14:21,No Helmet,0.63
2026-05-08 23:14:23,No Helmet,0.59
2026-05-08 23:14:25,No Helmet,0.66
2026-05-08 23:14:28,No Helmet,0.60
2026-05-08 23:14:30,No Helmet,0.53
2026-05-08 23:14:32,No Helmet,0.58
2026-05-08 23:14:34,No Helmet,0.60
2026-05-08 23:14:36,No Helmet,0.65
2026-05-08 23:14:38,No Helmet,0.54
2026-05-08 23:14:40,No Helmet,0.54
2026-05-08 23:14:43,No Helmet,0.56
2026-05-08 23:14:45,No Helmet,0.58
2026-05-08 23:14:47,No Helmet,0.54
2026-05-08 23:14:49,No Helmet,0.62
2026-05-08 23:14:51,No Helmet,0.62
2026-05-08 23:15:03,No Helmet,0.77
2026-05-08 23:15:05,No Helmet,0.72
2026-05-08 23:15:07,No Helmet,0.76
2026-05-08 23:15:18,No Helmet,0.71
2026-05-08 23:15:25,No Helmet,0.75
2026-05-08 23:15:27,No Helmet,0.73
2026-05-08 23:15:29,No Helmet,0.73
2026-05-08 23:15:31,No Helmet,0.73
2026-05-08 23:15:33,No Helmet,0.74
2026-05-08 23:15:37,No Helmet,0.72
2026-05-08 23:15:39,No Helmet,0.72
2026-05-08 23:15:41,No Helmet,0.72
2026-05-08 23:15:47,No Helmet,0.73
2026-05-08 23:15:49,No Helmet,0.71
2026-05-08 23:15:52,No Helmet,0.72
2026-05-08 23:15:55,No Helmet,0.72
2026-05-08 23:16:19,No Helmet,0.72
2026-05-08 23:16:24,No Helmet,0.74
2026-05-08 23:16:26,No Helmet,0.77
2026-05-08 23:16:28,No Helmet,0.71
2026-05-08 23:16:30,No Helmet,0.73
2026-05-08 23:16:32,No Helmet,0.74
2026-05-08 23:16:34,No Helmet,0.77
2026-05-08 23:16:36,No Helmet,0.73
2026-05-08 23:16:38,No Helmet,0.74
2026-05-08 23:16:42,No Helmet,0.79
2026-05-08 23:16:45,No Helmet,0.77
2026-05-08 23:16:47,No Helmet,0.82
2026-05-08 23:16:49,No Helmet,0.79
2026-05-08 23:16:51,No Helmet,0.71
2026-05-08 23:16:53,No Helmet,0.74
2026-05-08 23:40:55,No Helmet,0.87
2026-05-08 23:40:57,No Helmet,0.86
2026-05-08 23:41:01,No Helmet,0.86
2026-05-08 23:42:03,No Helmet,0.87
2026-05-08 23:42:20,No Helmet,0.87
2026-05-08 23:42:27,No Helmet,0.86
2026-05-09 00:19:45,No Helmet,0.87
2026-05-09 00:19:47,No Helmet,0.87
2026-05-09 00:19:49,No Helmet,0.88
2026-05-09 00:19:51,No Helmet,0.90
2026-05-09 00:19:53,No Helmet,0.89
2026-05-09 00:19:56,No Helmet,0.89
2026-05-09 00:19:58,No Helmet,0.87
2026-05-10 22:17:46,No Helmet,0.87
2026-05-10 22:17:48,No Helmet,0.85
2026-05-10 22:17:59,No Helmet,0.89
2026-05-10 22:18:03,No Helmet,0.86
2026-05-10 22:19:03,No Helmet,0.87
2026-05-10 22:19:05,No Helmet,0.85
2026-05-10 22:19:17,No Helmet,0.89
2026-05-10 22:19:21,No Helmet,0.86
2026-05-10 22:22:12,No Helmet,0.87
2026-05-10 22:22:14,No Helmet,0.88
2026-05-10 22:26:12,No Helmet,0.87
2026-05-10 22:26:14,No Helmet,0.86
2026-05-10 22:26:16,No Helmet,0.89
2026-05-10 22:26:39,No Helmet,0.89
2026-05-10 22:26:45,No Helmet,0.86
2026-05-11 09:35:04,No Helmet,0.87
2026-05-11 09:35:07,No Helmet,0.85
2026-05-11 09:35:09,No Helmet,0.86
2026-05-11 09:35:11,No Helmet,0.86
2026-05-11 09:35:51,No Helmet,0.72
2026-05-11 09:35:53,No Helmet,0.85
2026-05-11 09:36:03,No Helmet,0.73
2026-05-11 09:36:05,No Helmet,0.86
2026-05-11 09:37:34,No Helmet,0.76
2026-05-11 09:37:36,No Helmet,0.83
2026-05-11 09:37:38,No Helmet,0.80
2026-05-11 09:37:40,No Helmet,0.82
2026-05-11 09:37:43,No Helmet,0.79
2026-05-11 09:37:45,No Helmet,0.82
2026-05-11 09:37:47,No Helmet,0.80
2026-05-11 09:37:49,No Helmet,0.80
2026-05-11 09:37:51,No Helmet,0.76
2026-05-11 09:37:53,No Helmet,0.82
2026-05-11 09:37:55,No Helmet,0.82
2026-05-11 09:37:58,No Helmet,0.77
2026-05-11 09:38:00,No Helmet,0.81
2026-05-11 09:38:03,No Helmet,0.82
2026-05-11 09:38:05,No Helmet,0.79
2026-05-11 09:38:07,No Helmet,0.82
2026-05-11 09:38:09,No Helmet,0.82
2026-05-11 09:38:11,No Helmet,0.82
2026-05-11 09:38:13,No Helmet,0.79
2026-05-11 09:38:15,No Helmet,0.80
2026-05-11 09:38:17,No Helmet,0.81
2026-05-11 09:38:20,No Helmet,0.80
2026-05-11 09:38:22,No Helmet,0.80
2026-05-11 09:38:24,No Helmet,0.81
2026-05-11 09:38:26,No Helmet,0.80
2026-05-11 09:38:28,No Helmet,0.81
2026-05-11 09:38:30,No Helmet,0.82
2026-05-11 09:38:32,No Helmet,0.80
2026-05-11 09:38:34,No Helmet,0.77
2026-05-11 10:37:48,No Helmet,0.87
2026-05-11 10:37:51,No Helmet,0.85
2026-05-11 10:37:53,No Helmet,0.86
2026-05-11 10:37:56,No Helmet,0.89
2026-05-11 10:38:36,No Helmet,0.89
2026-05-11 10:38:48,No Helmet,0.86
2026-05-11 10:40:18,No Helmet,0.77
2026-05-11 10:40:21,No Helmet,0.81
2026-05-11 10:40:23,No Helmet,0.75
2026-05-11 10:40:27,No Helmet,0.74
2026-05-11 10:40:29,No Helmet,0.82
2026-05-11 10:40:31,No Helmet,0.78
2026-05-11 10:40:33,No Helmet,0.82
2026-05-11 10:40:35,No Helmet,0.83
2026-05-11 10:40:37,No Helmet,0.84
2026-05-11 10:40:40,No Helmet,0.83
2026-05-11 10:40:42,No Helmet,0.75
2026-05-11 10:40:44,No Helmet,0.81
2026-05-11 10:40:46,No Helmet,0.83
2026-05-11 10:40:48,No Helmet,0.82
2026-05-11 10:40:50,No Helmet,0.83
2026-05-11 10:40:52,No Helmet,0.82
2026-05-11 10:40:54,No Helmet,0.84
2026-05-11 10:40:57,No Helmet,0.84
2026-05-11 10:40:59,No Helmet,0.84
2026-05-11 10:41:01,No Helmet,0.85
2026-05-11 10:41:03,No Helmet,0.82
2026-05-11 10:41:05,No Helmet,0.84
2026-05-11 10:41:07,No Helmet,0.88
2026-05-11 10:41:09,No Helmet,0.87
2026-05-11 10:41:12,No Helmet,0.84
2026-05-11 10:41:14,No Helmet,0.85
2026-05-11 10:44:14,No Helmet,0.87
2026-05-11 10:44:16,No Helmet,0.85
2026-05-11 10:44:18,No Helmet,0.86
2026-05-11 10:44:21,No Helmet,0.84
2026-05-11 10:44:23,No Helmet,0.82
2026-05-11 10:44:25,No Helmet,0.83
2026-05-11 10:44:28,No Helmet,0.80
2026-05-11 10:44:30,No Helmet,0.77
2026-05-11 10:44:34,No Helmet,0.77
